Metric,Value
Table Type,1_protocol
Mean Jaccard,0.6154708520179372
Mean Precision,0.6154708520179372
Mean Recall,0.9372197309417041
Mean F1,0.722272047832586
Number Samples,223
