Metric,Value
Table Type,DNS
Mean Jaccard,0.5476190476190477
Mean Precision,0.5476190476190477
Mean Recall,0.9523809523809523
Mean F1,0.6825396825396824
Number Samples,42
