Metric,Value
Table Type,ICMP
Mean Jaccard,0.26620370370370366
Mean Precision,0.26620370370370366
Mean Recall,0.4444444444444444
Mean F1,0.3212962962962963
Number Samples,36
