Metric,Value
Table Type,SMTP
Mean Jaccard,0.8958333333333334
Mean Precision,0.8958333333333334
Mean Recall,0.9583333333333334
Mean F1,0.9166666666666666
Number Samples,24
