Metric,Value
Table Type,DNS
Mean Jaccard,0.38095238095238093
Mean Precision,0.38095238095238093
Mean Recall,0.6190476190476191
Mean F1,0.4563492063492063
Number Samples,42
