Metric,Value
Table Type,ARP
Mean Jaccard,0.26666666666666666
Mean Precision,0.26666666666666666
Mean Recall,0.6
Mean F1,0.36666666666666664
Number Samples,5
