Metric,Value
Table Type,ICMP
Mean Jaccard,0.21990740740740738
Mean Precision,0.21990740740740738
Mean Recall,0.4444444444444444
Mean F1,0.28888888888888886
Number Samples,36
