Metric,Value
Table Type,1_protocol
Mean Jaccard,0.8587443946188341
Mean Precision,0.8587443946188341
Mean Recall,0.9282511210762332
Mean F1,0.881913303437967
Number Samples,223
