Metric,Value
Table Type,SSL
Mean Jaccard,0.7241379310344828
Mean Precision,0.7241379310344828
Mean Recall,0.7586206896551724
Mean F1,0.735632183908046
Number Samples,29
