Metric,Value
Table Type,ICMP
Mean Jaccard,0.9722222222222222
Mean Precision,0.9722222222222222
Mean Recall,0.9722222222222222
Mean F1,0.9722222222222222
Number Samples,36
