Metric,Value
Table Type,ICMP
Mean Jaccard,0.7013888888888888
Mean Precision,0.7013888888888888
Mean Recall,0.9444444444444444
Mean F1,0.775
Number Samples,36
