Metric,Value
Table Type,none
Mean Jaccard,0.9520958083832335
Mean Precision,0.9520958083832335
Mean Recall,0.9520958083832335
Mean F1,0.9520958083832335
Number Samples,167
