Metric,Value
Table Type,1_protocol
Mean Jaccard,0.6984304932735426
Mean Precision,0.6984304932735426
Mean Recall,0.7847533632286996
Mean F1,0.7252615844544095
Number Samples,223
