Metric,Value
Table Type,1_protocol
Mean Jaccard,0.9380341880341881
Mean Precision,0.9380341880341881
Mean Recall,0.941025641025641
Mean F1,0.9388888888888888
Number Samples,390
