Metric,Value
Table Type,SSL
Mean Jaccard,0.7586206896551724
Mean Precision,0.7586206896551724
Mean Recall,0.7586206896551724
Mean F1,0.7586206896551724
Number Samples,29
