Metric,Value
Table Type,1_protocol
Mean Jaccard,0.9175213675213676
Mean Precision,0.9175213675213676
Mean Recall,0.9358974358974359
Mean F1,0.9235042735042734
Number Samples,390
