Metric,Value
Table Type,ICMP
Mean Jaccard,0.9166666666666666
Mean Precision,0.9166666666666666
Mean Recall,0.9444444444444444
Mean F1,0.9259259259259258
Number Samples,36
