Metric,Value
Table Type,1_protocol
Mean Jaccard,0.8901345291479821
Mean Precision,0.8901345291479821
Mean Recall,0.905829596412556
Mean F1,0.8953662182361735
Number Samples,223
