Metric,Value
Table Type,all
Mean Jaccard,0.8948717948717949
Mean Precision,0.8948717948717949
Mean Recall,0.8948717948717949
Mean F1,0.8948717948717949
Number Samples,390
