Metric,Value
Table Type,SSL
Mean Jaccard,0.8275862068965517
Mean Precision,0.8275862068965517
Mean Recall,0.8275862068965517
Mean F1,0.8275862068965517
Number Samples,29
