Metric,Value
Table Type,all
Mean Jaccard,0.9435897435897436
Mean Precision,0.9435897435897436
Mean Recall,0.9435897435897436
Mean F1,0.9435897435897436
Number Samples,390
