Metric,Value
Table Type,1_protocol
Mean Jaccard,0.3609865470852018
Mean Precision,0.3609865470852018
Mean Recall,0.6188340807174888
Mean F1,0.44379671150971595
Number Samples,223
