Metric,Value
Table Type,FTP
Mean Jaccard,0.35714285714285715
Mean Precision,0.35714285714285715
Mean Recall,0.7142857142857143
Mean F1,0.47619047619047616
Number Samples,7
