Metric,Value
Table Type,1_protocol
Mean Jaccard,0.8916292974588937
Mean Precision,0.8916292974588937
Mean Recall,0.8968609865470852
Mean F1,0.8931240657698056
Number Samples,223
