Metric,Value
Table Type,DNS
Mean Jaccard,0.9285714285714286
Mean Precision,0.9285714285714286
Mean Recall,0.9285714285714286
Mean F1,0.9285714285714286
Number Samples,42
