Metric,Value
Table Type,DHCP
Mean Jaccard,0.8201754385964911
Mean Precision,0.8201754385964911
Mean Recall,0.8947368421052632
Mean F1,0.8421052631578947
Number Samples,38
