Metric,Value
Table Type,DNS
Mean Jaccard,0.5119047619047619
Mean Precision,0.5119047619047619
Mean Recall,0.5714285714285714
Mean F1,0.5317460317460317
Number Samples,42
