Metric,Value
Table Type,SSL
Mean Jaccard,0.6206896551724138
Mean Precision,0.6206896551724138
Mean Recall,0.6896551724137931
Mean F1,0.6436781609195401
Number Samples,29
