Metric,Value
Table Type,1_protocol
Mean Jaccard,0.9019332519332518
Mean Precision,0.9019332519332518
Mean Recall,0.9538461538461539
Mean F1,0.9163675213675213
Number Samples,390
