Metric,Value
Table Type,SSH
Mean Jaccard,0.6458333333333333
Mean Precision,0.6458333333333333
Mean Recall,0.90625
Mean F1,0.7291666666666665
Number Samples,32
