Metric,Value
Table Type,DHCP
Mean Jaccard,0.7456140350877194
Mean Precision,0.7456140350877194
Mean Recall,0.868421052631579
Mean F1,0.7850877192982456
Number Samples,38
