Metric,Value
Table Type,SSL
Mean Jaccard,0.3448275862068966
Mean Precision,0.3448275862068966
Mean Recall,0.6551724137931034
Mean F1,0.44827586206896547
Number Samples,29
