Metric,Value
Table Type,1_protocol
Mean Jaccard,0.5568011958146487
Mean Precision,0.5568011958146487
Mean Recall,0.7623318385650224
Mean F1,0.623168908819133
Number Samples,223
