Metric,Value
Table Type,all
Mean Jaccard,0.7429166666666666
Mean Precision,0.7445833333333333
Mean Recall,0.86
Mean F1,0.7815000000000001
Number Samples,400
