Metric,Value
Table Type,none
Mean Jaccard,0.8622754491017964
Mean Precision,0.8622754491017964
Mean Recall,0.8622754491017964
Mean F1,0.8622754491017964
Number Samples,167
