Metric,Value
Table Type,1_protocol
Mean Jaccard,0.9192825112107623
Mean Precision,0.9192825112107623
Mean Recall,0.9192825112107623
Mean F1,0.9192825112107623
Number Samples,223
