Metric,Value
Table Type,SMTP
Mean Jaccard,0.9583333333333334
Mean Precision,0.9583333333333334
Mean Recall,0.9583333333333334
Mean F1,0.9583333333333334
Number Samples,24
