Metric,Value
Table Type,DHCP
Mean Jaccard,0.8070175438596491
Mean Precision,0.8070175438596491
Mean Recall,0.8947368421052632
Mean F1,0.8333333333333334
Number Samples,38
