Metric,Value
Table Type,SSL
Mean Jaccard,0.29310344827586204
Mean Precision,0.29310344827586204
Mean Recall,0.5172413793103449
Mean F1,0.36781609195402293
Number Samples,29
