Metric,Value
Table Type,none
Mean Jaccard,0.874251497005988
Mean Precision,0.874251497005988
Mean Recall,0.874251497005988
Mean F1,0.874251497005988
Number Samples,167
