Metric,Value
Table Type,FTP
Mean Jaccard,0.8571428571428571
Mean Precision,0.8571428571428571
Mean Recall,0.8571428571428571
Mean F1,0.8571428571428571
Number Samples,7
