Metric,Value
Table Type,1_protocol
Mean Jaccard,0.8781763826606875
Mean Precision,0.8781763826606875
Mean Recall,0.9192825112107623
Mean F1,0.891629297458894
Number Samples,223
