Metric,Value
Table Type,DNS
Mean Jaccard,0.8809523809523809
Mean Precision,0.8809523809523809
Mean Recall,0.9285714285714286
Mean F1,0.8968253968253967
Number Samples,42
