Metric,Value
Table Type,FTP
Mean Jaccard,0.7142857142857143
Mean Precision,0.7142857142857143
Mean Recall,0.7142857142857143
Mean F1,0.7142857142857143
Number Samples,7
