Metric,Value
Table Type,all
Mean Jaccard,0.9195833333333334
Mean Precision,0.9195833333333334
Mean Recall,0.9375
Mean F1,0.9254166666666666
Number Samples,400
