Metric,Value
Table Type,1_protocol
Mean Jaccard,0.5897288063207345
Mean Precision,0.5897288063207345
Mean Recall,0.8923766816143498
Mean F1,0.6861093316250266
Number Samples,223
