Metric,Value
Table Type,SMTP
Mean Jaccard,0.7847222222222222
Mean Precision,0.7847222222222222
Mean Recall,0.9583333333333334
Mean F1,0.8402777777777777
Number Samples,24
