Metric,Value
Table Type,1_protocol
Mean Jaccard,0.7465811965811966
Mean Precision,0.7465811965811966
Mean Recall,0.8641025641025641
Mean F1,0.7845299145299146
Number Samples,390
