Metric,Value
Table Type,FTP
Mean Jaccard,0.6785714285714286
Mean Precision,0.6785714285714286
Mean Recall,0.8571428571428571
Mean F1,0.7238095238095238
Number Samples,7
