Metric,Value
Table Type,none
Mean Jaccard,0.9281437125748503
Mean Precision,0.9281437125748503
Mean Recall,0.9281437125748503
Mean F1,0.9281437125748503
Number Samples,167
