Metric,Value
Table Type,FTP
Mean Jaccard,0.761904761904762
Mean Precision,0.761904761904762
Mean Recall,0.8571428571428571
Mean F1,0.7857142857142857
Number Samples,7
