Metric,Value
Table Type,1_protocol
Mean Jaccard,0.7482810164424515
Mean Precision,0.7482810164424515
Mean Recall,0.8430493273542601
Mean F1,0.7780269058295964
Number Samples,223
