Metric,Value
Table Type,all
Mean Jaccard,0.8025833333333332
Mean Precision,0.8025833333333332
Mean Recall,0.8625
Mean F1,0.8214166666666667
Number Samples,400
