Metric,Value
Table Type,DNS
Mean Jaccard,0.5476190476190477
Mean Precision,0.5476190476190477
Mean Recall,0.6428571428571429
Mean F1,0.5793650793650794
Number Samples,42
