Metric,Value
Table Type,SSL
Mean Jaccard,0.5689655172413793
Mean Precision,0.5689655172413793
Mean Recall,0.6551724137931034
Mean F1,0.5977011494252873
Number Samples,29
