Metric,Value
Table Type,1_protocol
Mean Jaccard,0.8064957264957264
Mean Precision,0.8064957264957264
Mean Recall,0.8641025641025641
Mean F1,0.8243589743589743
Number Samples,390
