Metric,Value
Table Type,SSL
Mean Jaccard,0.5517241379310345
Mean Precision,0.5517241379310345
Mean Recall,0.6206896551724138
Mean F1,0.5747126436781609
Number Samples,29
