Metric,Value
Table Type,1_protocol
Mean Jaccard,0.8252991452991453
Mean Precision,0.8252991452991453
Mean Recall,0.8794871794871795
Mean F1,0.8423076923076923
Number Samples,390
