Metric,Value
Table Type,DNS
Mean Jaccard,0.4960317460317461
Mean Precision,0.4960317460317461
Mean Recall,0.9523809523809523
Mean F1,0.6468253968253967
Number Samples,42
