Metric,Value
Table Type,none
Mean Jaccard,0.8682634730538922
Mean Precision,0.8682634730538922
Mean Recall,0.8682634730538922
Mean F1,0.8682634730538922
Number Samples,167
