Metric,Value
Table Type,1_protocol
Mean Jaccard,0.9147982062780269
Mean Precision,0.9147982062780269
Mean Recall,0.9147982062780269
Mean F1,0.9147982062780269
Number Samples,223
