Metric,Value
Table Type,1_protocol
Mean Jaccard,0.7801282051282051
Mean Precision,0.7801282051282051
Mean Recall,0.9641025641025641
Mean F1,0.8411965811965811
Number Samples,390
