Metric,Value
Table Type,1_protocol
Mean Jaccard,0.7019431988041853
Mean Precision,0.7019431988041853
Mean Recall,0.8026905829596412
Mean F1,0.7331838565022422
Number Samples,223
