Metric,Value
Table Type,SMTP
Mean Jaccard,0.7847222222222222
Mean Precision,0.7847222222222222
Mean Recall,0.8333333333333334
Mean F1,0.798611111111111
Number Samples,24
