Metric,Value
Table Type,none
Mean Jaccard,0.9461077844311377
Mean Precision,0.9461077844311377
Mean Recall,0.9461077844311377
Mean F1,0.9461077844311377
Number Samples,167
