Metric,Value
Table Type,SMTP
Mean Jaccard,0.8809523809523809
Mean Precision,0.8809523809523809
Mean Recall,0.9583333333333334
Mean F1,0.8993055555555555
Number Samples,24
