Metric,Value
Table Type,ICMP
Mean Jaccard,0.8641975308641975
Mean Precision,0.8641975308641975
Mean Recall,0.9722222222222222
Mean F1,0.8944444444444445
Number Samples,36
