Metric,Value
Table Type,DNS
Mean Jaccard,0.7314814814814815
Mean Precision,0.7314814814814815
Mean Recall,0.9285714285714286
Mean F1,0.7873015873015872
Number Samples,42
