Metric,Value
Table Type,SSL
Mean Jaccard,0.6896551724137931
Mean Precision,0.6896551724137931
Mean Recall,0.7241379310344828
Mean F1,0.7011494252873562
Number Samples,29
