Metric,Value
Table Type,1_protocol
Mean Jaccard,0.6453846153846153
Mean Precision,0.6453846153846153
Mean Recall,0.676923076923077
Mean F1,0.6551282051282051
Number Samples,390
