Metric,Value
Table Type,SSL
Mean Jaccard,0.15517241379310345
Mean Precision,0.15517241379310345
Mean Recall,0.1724137931034483
Mean F1,0.16091954022988503
Number Samples,29
