Metric,Value
Table Type,FTP
Mean Jaccard,0.35714285714285715
Mean Precision,0.35714285714285715
Mean Recall,0.42857142857142855
Mean F1,0.38095238095238093
Number Samples,7
