Metric,Value
Table Type,DNS
Mean Jaccard,0.36507936507936506
Mean Precision,0.36507936507936506
Mean Recall,0.5476190476190477
Mean F1,0.4246031746031746
Number Samples,42
