Metric,Value
Table Type,FTP
Mean Jaccard,0.5714285714285714
Mean Precision,0.5714285714285714
Mean Recall,0.7142857142857143
Mean F1,0.619047619047619
Number Samples,7
