Metric,Value
Table Type,none
Mean Jaccard,0.8562874251497006
Mean Precision,0.8562874251497006
Mean Recall,0.8562874251497006
Mean F1,0.8562874251497006
Number Samples,167
