Metric,Value
Table Type,1_protocol
Mean Jaccard,0.8782051282051282
Mean Precision,0.8782051282051282
Mean Recall,0.8871794871794871
Mean F1,0.8811965811965811
Number Samples,390
