Metric,Value
Table Type,DNS
Mean Jaccard,0.9761904761904762
Mean Precision,0.9761904761904762
Mean Recall,0.9761904761904762
Mean F1,0.9761904761904762
Number Samples,42
