Metric,Value
Table Type,ICMP
Mean Jaccard,0.6111111111111112
Mean Precision,0.6111111111111112
Mean Recall,0.8333333333333334
Mean F1,0.6851851851851852
Number Samples,36
