Metric,Value
Table Type,ICMP
Mean Jaccard,0.8888888888888888
Mean Precision,0.8888888888888888
Mean Recall,0.9722222222222222
Mean F1,0.9166666666666666
Number Samples,36
