Metric,Value
Table Type,SSL
Mean Jaccard,0.8103448275862069
Mean Precision,0.8103448275862069
Mean Recall,0.8275862068965517
Mean F1,0.8160919540229884
Number Samples,29
