Metric,Value
Table Type,all
Mean Jaccard,0.8783333333333334
Mean Precision,0.8783333333333334
Mean Recall,0.8975
Mean F1,0.8845833333333333
Number Samples,400
