Metric,Value
Table Type,1_protocol
Mean Jaccard,0.9013452914798207
Mean Precision,0.9013452914798207
Mean Recall,0.9013452914798207
Mean F1,0.9013452914798207
Number Samples,223
