Metric,Value
Table Type,SSL
Mean Jaccard,0.7931034482758621
Mean Precision,0.7931034482758621
Mean Recall,0.7931034482758621
Mean F1,0.7931034482758621
Number Samples,29
